timestamp,ax,ay,az,gx,gy,gz,qw,qx,qy,qz,label
227683,6.234375,7.039062,-1.152344,0.060547,-0.119141,-0.191406,0.444397,0.049133,-0.758423,-0.474243,down
227688,6.234375,7.109375,-1.191406,0.060547,-0.119141,-0.191406,0.444031,0.049316,-0.758545,-0.474426,down
227693,6.273437,7.191406,-1.304688,0.060547,-0.119141,-0.191406,0.443542,0.0495,-0.758545,-0.474792,down
227698,6.234375,7.152344,-1.34375,0.060547,-0.119141,-0.191406,0.443237,0.0495,-0.758484,-0.47522,down
227703,6.234375,7.078125,-1.382813,-0.275391,-0.119141,-0.167969,0.44281,0.049438,-0.75824,-0.475952,down
227708,6.234375,7.078125,-1.382813,-0.275391,-0.119141,-0.167969,0.44281,0.049438,-0.75824,-0.475952,down
227713,6.351562,7.042969,-1.382813,-0.337891,-0.125,-0.173828,0.44281,0.049438,-0.75824,-0.475952,down
227718,6.351562,7.042969,-1.382813,-0.394531,-0.128906,-0.164062,0.442078,0.049072,-0.75769,-0.4776,down
227723,6.3125,7.042969,-1.460938,-0.378906,-0.119141,-0.160156,0.44165,0.048767,-0.757324,-0.478577,down
227729,6.199219,7.226562,-1.652344,-0.378906,-0.119141,-0.160156,0.440918,0.048218,-0.756592,-0.480469,down
227734,6.234375,7.226562,-1.613281,-0.378906,-0.119141,-0.160156,0.440613,0.047974,-0.756348,-0.48114,down
227740,6.3125,7.265625,-1.652344,-0.378906,-0.119141,-0.160156,0.440613,0.047974,-0.756348,-0.48114,down
227745,6.3125,7.308594,-1.691406,-0.074219,-0.056641,-0.023437,0.440613,0.047974,-0.756348,-0.48114,down
227750,6.273437,7.269531,-1.652344,0.054687,-0.037109,0.013672,0.440613,0.047974,-0.756348,-0.48114,down
227757,6.351562,7.269531,-1.574219,0.171875,-0.029297,0.041016,0.440613,0.047974,-0.756348,-0.48114,down
227762,6.199219,7.425781,-1.496094,0.273438,-0.015625,0.0625,0.440613,0.047974,-0.756348,-0.48114,down
227767,6.273437,7.570312,-1.652344,0.353516,0.009766,0.082031,0.440613,0.047974,-0.756348,-0.48114,down
227772,6.199219,7.53125,-1.574219,0.353516,0.009766,0.082031,0.440186,0.048157,-0.757385,-0.479919,down
227778,6.234375,7.535156,-1.535156,0.40625,-0.013672,0.080078,0.440186,0.048157,-0.757385,-0.479919,down
227783,6.199219,7.613281,-1.382813,0.40625,-0.013672,0.080078,0.440308,0.049011,-0.75885,-0.477356,down
227788,6.160156,7.574219,-1.382813,0.40625,-0.013672,0.080078,0.440369,0.049316,-0.759277,-0.476624,down
227793,6.082031,7.648437,-1.535156,0.277344,0.017578,0.03125,0.440491,0.049622,-0.759644,-0.475952,down
227798,6.082031,7.609375,-1.613281,0.169922,-0.011719,0.007813,0.440491,0.049622,-0.759644,-0.475952,down
227803,6.121094,7.609375,-1.613281,0.169922,-0.011719,0.007813,0.44043,0.049927,-0.76001,-0.475281,down
227808,6.121094,7.503906,-1.496094,0.169922,-0.011719,0.007813,0.440308,0.049927,-0.760071,-0.475281,down
227813,6.160156,7.347656,-1.269531,0.169922,-0.011719,0.007813,0.440308,0.049927,-0.760071,-0.475281,down
227818,6.082031,7.421875,-1.269531,-0.09375,-0.041016,-0.033203,0.440125,0.049744,-0.759949,-0.475769,down
227823,6.042969,7.347656,-1.34375,-0.185547,-0.009766,-0.037109,0.440125,0.049622,-0.759705,-0.476135,down
227829,6.042969,7.347656,-1.460938,-0.185547,-0.009766,-0.037109,0.440002,0.049377,-0.75946,-0.476624,down
227834,6.042969,7.308594,-1.421875,-0.224609,-0.066406,-0.046875,0.43988,0.049194,-0.759216,-0.477112,down
227839,6.042969,7.152344,-1.304688,-0.224609,-0.066406,-0.046875,0.439758,0.04895,-0.759033,-0.4776,down
227844,6.042969,7.148437,-1.269531,-0.224609,-0.066406,-0.046875,0.439636,0.048706,-0.75885,-0.477966,down
227849,6.007812,7.082031,-1.34375,-0.107422,-0.046875,-0.013672,0.439575,0.048462,-0.758728,-0.478271,down
227855,5.929687,7.082031,-1.304688,-0.107422,-0.046875,-0.013672,0.439514,0.04834,-0.758667,-0.478394,down
227860,5.96875,7.042969,-1.269531,-0.107422,-0.046875,-0.013672,0.439392,0.048279,-0.758789,-0.478394,down
227866,5.929687,7.082031,-1.230469,-0.107422,-0.046875,-0.013672,0.43927,0.048218,-0.758972,-0.47821,down
227871,5.890625,7.109375,-1.230469,0.199219,-0.082031,0.027344,0.43927,0.048218,-0.758972,-0.47821,down
227877,5.890625,7.148437,-1.304688,0.199219,-0.082031,0.027344,0.439026,0.04834,-0.759583,-0.477417,down
227883,5.816406,7.113281,-1.34375,0.261719,-0.082031,0.025391,0.439026,0.04834,-0.759583,-0.477417,down
227888,5.816406,7.109375,-1.304688,0.25,-0.101563,-0.023437,0.439026,0.04834,-0.759583,-0.477417,down
227893,5.851562,7.082031,-1.34375,0.25,-0.101563,-0.023437,0.438477,0.048767,-0.760803,-0.475952,down
227898,5.851562,7.082031,-1.34375,0.25,-0.101563,-0.023437,0.437927,0.049133,-0.761536,-0.475342,down
227903,5.851562,7.039062,-1.230469,0.25,-0.101563,-0.023437,0.437927,0.049133,-0.761536,-0.475342,down
227908,5.890625,7.082031,-1.304688,0.091797,-0.132812,-0.119141,0.437073,0.0495,-0.761963,-0.475281,down
227913,5.777344,7.039062,-1.304688,0.091797,-0.132812,-0.119141,0.437073,0.0495,-0.761963,-0.475281,down
227918,5.851562,7.039062,-1.230469,-0.173828,-0.179687,-0.214844,0.436646,0.049622,-0.762085,-0.475586,down
227923,5.851562,7.039062,-1.304688,-0.173828,-0.179687,-0.214844,0.435547,0.049683,-0.761963,-0.476685,down
227928,5.816406,7.0,-1.496094,-0.173828,-0.179687,-0.214844,0.435547,0.049683,-0.761963,-0.476685,down
227933,5.816406,7.0,-1.535156,-0.173828,-0.179687,-0.214844,0.434387,0.049622,-0.761658,-0.478271,down
227938,5.851562,7.003906,-1.535156,-0.330078,-0.162109,-0.261719,0.434387,0.049622,-0.761658,-0.478271,down
227943,5.890625,6.925781,-1.535156,-0.330078,-0.162109,-0.261719,0.433228,0.0495,-0.761108,-0.480164,down
227948,5.929687,7.003906,-1.574219,-0.330078,-0.162109,-0.261719,0.433228,0.0495,-0.761108,-0.480164,down
227953,5.890625,7.039062,-1.652344,-0.320313,-0.126953,-0.246094,0.43219,0.049438,-0.760559,-0.482056,down
227958,5.851562,7.0,-1.574219,-0.203125,-0.105469,-0.201172,0.43219,0.049438,-0.760559,-0.482056,down
227963,5.890625,7.003906,-1.574219,-0.203125,-0.105469,-0.201172,0.431763,0.049438,-0.760315,-0.482727,down
227968,5.816406,6.925781,-1.460938,-0.119141,-0.09375,-0.185547,0.43103,0.049622,-0.760193,-0.483521,down
227973,5.816406,6.925781,-1.460938,-0.119141,-0.09375,-0.185547,0.43103,0.049622,-0.760193,-0.483521,down
227978,5.777344,6.964844,-1.382813,0.1875,-0.089844,-0.109375,0.43103,0.049622,-0.760193,-0.483521,down
227983,5.777344,6.964844,-1.382813,0.1875,-0.089844,-0.109375,0.43042,0.05011,-0.760559,-0.483582,down
227988,5.699219,7.113281,-1.382813,0.1875,-0.089844,-0.109375,0.429687,0.050781,-0.761414,-0.482727,down
227993,5.738281,7.191406,-1.34375,0.1875,-0.089844,-0.109375,0.429687,0.050781,-0.761414,-0.482727,down
227998,5.738281,7.230469,-1.34375,0.400391,-0.148437,-0.083984,0.429687,0.050781,-0.761414,-0.482727,down
228003,5.699219,7.269531,-1.382813,0.40625,-0.144531,-0.099609,0.428955,0.051575,-0.762512,-0.481567,down
228009,5.738281,7.347656,-1.535156,0.380859,-0.152344,-0.123047,0.428528,0.052002,-0.763123,-0.480896,down
228014,5.699219,7.460937,-1.613281,0.380859,-0.152344,-0.123047,0.42749,0.052917,-0.764404,-0.479675,down
228019,5.777344,7.5,-1.691406,0.380859,-0.152344,-0.123047,0.42688,0.053345,-0.764954,-0.479309,down
228024,5.777344,7.53125,-1.726563,0.380859,-0.152344,-0.123047,0.426392,0.053711,-0.76532,-0.479126,down
228030,5.738281,7.613281,-1.804688,0.380859,-0.152344,-0.123047,0.425659,0.054138,-0.765686,-0.479126,down
228035,5.816406,7.570312,-1.917969,0.017578,-0.164062,-0.255859,0.42511,0.054443,-0.765869,-0.479309,down
228040,5.816406,7.535156,-1.996094,0.017578,-0.164062,-0.255859,0.4245,0.054687,-0.765991,-0.479614,down
228045,5.816406,7.570312,-1.996094,0.017578,-0.164062,-0.255859,0.4245,0.054687,-0.765991,-0.479614,down
228052,5.816406,7.535156,-1.882813,-0.171875,-0.160156,-0.296875,0.4245,0.054687,-0.765991,-0.479614,down
228058,5.777344,7.425781,-1.765625,-0.183594,-0.148437,-0.306641,0.4245,0.054687,-0.765991,-0.479614,down
228063,5.777344,7.425781,-1.765625,-0.15625,-0.097656,-0.310547,0.422058,0.055603,-0.765686,-0.482178,down
228068,5.777344,7.386719,-1.726563,-0.15625,-0.097656,-0.310547,0.421448,0.055847,-0.765564,-0.482849,down
228073,5.738281,7.304687,-1.726563,-0.15625,-0.097656,-0.310547,0.420959,0.056152,-0.765442,-0.483398,down
228078,5.777344,7.347656,-1.613281,-0.15625,-0.097656,-0.310547,0.42041,0.05658,-0.765442,-0.483948,down
228084,5.699219,7.347656,-1.574219,-0.15625,-0.097656,-0.310547,0.419861,0.057007,-0.765503,-0.484253,down
228089,5.660156,7.386719,-1.535156,0.101563,-0.105469,-0.289063,0.418701,0.058105,-0.765869,-0.484558,down
228094,5.660156,7.535156,-1.574219,0.101563,-0.105469,-0.289063,0.418152,0.058655,-0.766174,-0.484497,down
228099,5.621094,7.613281,-1.574219,0.101563,-0.105469,-0.289063,0.417542,0.059265,-0.766479,-0.484375,down
228104,5.621094,7.652344,-1.574219,0.273438,-0.173828,-0.259766,0.41687,0.059875,-0.766968,-0.484131,down
228110,5.621094,7.726562,-1.574219,0.273438,-0.173828,-0.259766,0.416199,0.060425,-0.767395,-0.483948,down
228115,5.621094,7.765625,-1.652344,0.273438,-0.173828,-0.259766,0.415527,0.060913,-0.767883,-0.483765,down
228120,5.660156,7.726562,-1.804688,0.273438,-0.173828,-0.259766,0.414856,0.061462,-0.76825,-0.483643,down
228126,5.660156,7.648437,-1.84375,0.162109,-0.214844,-0.259766,0.414856,0.061462,-0.76825,-0.483643,down
228131,5.660156,7.769531,-1.804688,0.109375,-0.214844,-0.263672,0.414856,0.061462,-0.76825,-0.483643,down
228137,5.621094,7.847656,-1.882813,0.052734,-0.208984,-0.279297,0.414856,0.061462,-0.76825,-0.483643,down
228142,5.660156,7.886719,-1.917969,0.027344,-0.203125,-0.292969,0.414856,0.061462,-0.76825,-0.483643,down
228147,5.621094,7.914062,-1.957031,-0.019531,-0.207031,-0.308594,0.414856,0.061462,-0.76825,-0.483643,down
228152,5.660156,7.914062,-1.882813,-0.019531,-0.207031,-0.308594,0.414856,0.061462,-0.76825,-0.483643,down
228158,5.699219,7.808594,-1.882813,-0.019531,-0.207031,-0.308594,0.409729,0.063843,-0.769714,-0.485352,down
228164,5.660156,7.804687,-1.917969,-0.083984,-0.148437,-0.337891,0.409729,0.063843,-0.769714,-0.485352,down
228169,5.660156,7.765625,-1.917969,-0.083984,-0.148437,-0.337891,0.407715,0.06488,-0.769714,-0.486938,down
228174,5.621094,7.804687,-1.917969,-0.083984,-0.148437,-0.337891,0.407043,0.065369,-0.769714,-0.487427,down
228179,5.621094,7.804687,-1.917969,-0.042969,-0.121094,-0.332031,0.407043,0.065369,-0.769714,-0.487427,down
228184,5.585937,7.886719,-1.882813,-0.042969,-0.121094,-0.332031,0.405823,0.066162,-0.769714,-0.488342,down
228190,5.621094,8.035156,-1.84375,-0.042969,-0.121094,-0.332031,0.405273,0.066589,-0.769775,-0.488647,down
228195,5.585937,7.996094,-1.804688,-0.042969,-0.121094,-0.332031,0.404663,0.066956,-0.769836,-0.488953,down
228200,5.585937,7.957031,-1.804688,0.027344,-0.115234,-0.25,0.404663,0.066956,-0.769836,-0.488953,down
228205,5.621094,7.914062,-1.84375,0.027344,-0.115234,-0.25,0.403687,0.067627,-0.77002,-0.489441,down
228210,5.621094,7.914062,-1.917969,0.027344,-0.115234,-0.25,0.403687,0.067627,-0.77002,-0.489441,down
228216,5.585937,7.914062,-1.917969,0.085937,-0.123047,-0.183594,0.402771,0.068237,-0.770325,-0.489624,down
228222,5.621094,7.996094,-1.765625,0.103516,-0.140625,-0.169922,0.402771,0.068237,-0.770325,-0.489624,down
228227,5.585937,7.996094,-1.765625,0.121094,-0.142578,-0.15625,0.402771,0.068237,-0.770325,-0.489624,down
228232,5.585937,8.03125,-1.765625,0.132812,-0.136719,-0.144531,0.402771,0.068237,-0.770325,-0.489624,down
228237,5.585937,8.074219,-1.804688,0.132812,-0.136719,-0.144531,0.40094,0.069214,-0.771301,-0.489502,down
228242,5.546875,8.035156,-1.804688,0.132812,-0.136719,-0.144531,0.40094,0.069214,-0.771301,-0.489502,down
228247,5.546875,8.035156,-1.804688,0.154297,-0.162109,-0.117188,0.40094,0.069214,-0.771301,-0.489502,down
228252,5.546875,7.992187,-1.804688,0.152344,-0.164062,-0.119141,0.40094,0.069214,-0.771301,-0.489502,down
228257,5.546875,7.953125,-1.765625,0.152344,-0.164062,-0.119141,0.399109,0.069946,-0.772461,-0.489014,down
228262,5.546875,7.917969,-1.84375,0.152344,-0.164062,-0.119141,0.399109,0.069946,-0.772461,-0.489014,down
228267,5.546875,7.882812,-1.84375,0.103516,-0.166016,-0.130859,0.399109,0.069946,-0.772461,-0.489014,down
228272,5.507812,7.914062,-1.882813,0.083984,-0.167969,-0.138672,0.399109,0.069946,-0.772461,-0.489014,down
228277,5.507812,7.953125,-1.882813,0.083984,-0.167969,-0.138672,0.397095,0.070496,-0.773499,-0.488892,down
228282,5.46875,7.953125,-1.84375,0.007813,-0.15625,-0.160156,0.397095,0.070496,-0.773499,-0.488892,down
228287,5.507812,7.953125,-1.882813,-0.025391,-0.152344,-0.162109,0.397095,0.070496,-0.773499,-0.488892,down
228293,5.46875,7.886719,-1.882813,-0.025391,-0.152344,-0.162109,0.395691,0.070862,-0.773865,-0.489502,down
228298,5.507812,7.882812,-1.765625,-0.025391,-0.152344,-0.162109,0.395203,0.070984,-0.773865,-0.489746,down
228304,5.507812,7.84375,-1.765625,-0.078125,-0.148437,-0.195312,0.395203,0.070984,-0.773865,-0.489746,down
228309,5.46875,7.769531,-1.691406,-0.105469,-0.148437,-0.203125,0.393677,0.071289,-0.773865,-0.490967,down
228314,5.429687,7.730469,-1.691406,-0.105469,-0.148437,-0.203125,0.393677,0.071289,-0.773865,-0.490967,down
228319,5.394531,7.6875,-1.691406,-0.123047,-0.126953,-0.212891,0.393188,0.071411,-0.773804,-0.491516,down
228324,5.355469,7.652344,-1.726563,-0.123047,-0.126953,-0.212891,0.3927,0.071533,-0.773682,-0.492004,down
228330,5.355469,7.765625,-1.765625,-0.123047,-0.126953,-0.212891,0.391724,0.071716,-0.773621,-0.492859,down
228336,5.355469,7.808594,-1.652344,-0.123047,-0.126953,-0.212891,0.391296,0.071716,-0.773621,-0.493225,down
228342,5.355469,7.808594,-1.652344,-0.09375,-0.162109,-0.166016,0.391296,0.071716,-0.773621,-0.493225,down
228347,5.316406,7.730469,-1.765625,-0.082031,-0.158203,-0.152344,0.391296,0.071716,-0.773621,-0.493225,down
228353,5.238281,7.765625,-1.84375,-0.066406,-0.164062,-0.132812,0.391296,0.071716,-0.773621,-0.493225,down
228359,5.277344,7.765625,-1.84375,-0.037109,-0.197266,-0.121094,0.391296,0.071716,-0.773621,-0.493225,down
228364,5.355469,7.808594,-1.84375,-0.037109,-0.197266,-0.121094,0.388916,0.071716,-0.773804,-0.494812,down
228369,5.316406,7.882812,-1.882813,0.003906,-0.185547,-0.117188,0.388916,0.071716,-0.773804,-0.494812,down
228374,5.316406,7.957031,-2.035156,0.003906,-0.185547,-0.117188,0.387878,0.071594,-0.774048,-0.495239,down
228379,5.355469,7.957031,-2.035156,0.003906,-0.185547,-0.117188,0.386902,0.071655,-0.774414,-0.495483,down
228384,5.277344,8.074219,-2.109375,0.003906,-0.185547,-0.117188,0.386902,0.071655,-0.774414,-0.495483,down
228389,5.238281,8.113281,-2.226563,0.021484,-0.181641,-0.117188,0.385925,0.071655,-0.774719,-0.495728,down
228394,5.277344,8.070313,-2.1875,0.021484,-0.181641,-0.117188,0.385925,0.071655,-0.774719,-0.495728,down
228399,5.316406,7.996094,-2.035156,-0.058594,-0.220703,-0.138672,0.384827,0.071533,-0.774963,-0.496277,down
228405,5.277344,7.914062,-1.957031,-0.058594,-0.220703,-0.138672,0.384827,0.071533,-0.774963,-0.496277,down
228410,5.277344,7.765625,-2.035156,-0.042969,-0.126953,-0.175781,0.384827,0.071533,-0.774963,-0.496277,down
228415,5.203125,7.730469,-1.996094,-0.042969,-0.126953,-0.175781,0.383301,0.071777,-0.775085,-0.497192,down
228420,5.203125,7.691406,-1.996094,-0.042969,-0.126953,-0.175781,0.382874,0.071838,-0.775024,-0.497559,down
228425,5.203125,7.574219,-1.917969,-0.042969,-0.126953,-0.175781,0.382446,0.071838,-0.774963,-0.497986,down
228430,5.203125,7.535156,-1.804688,-0.197266,-0.158203,-0.167969,0.381897,0.071716,-0.774841,-0.498657,down
228435,5.125,7.574219,-1.84375,-0.197266,-0.158203,-0.167969,0.38147,0.071716,-0.774719,-0.499084,down
228440,5.125,7.460937,-1.804688,-0.197266,-0.158203,-0.167969,0.380981,0.071716,-0.774658,-0.499695,down
228445,5.046875,7.382812,-1.726563,-0.197266,-0.158203,-0.167969,0.380493,0.071777,-0.774597,-0.500122,down
228450,5.125,7.109375,-1.652344,-0.068359,-0.140625,-0.212891,0.379944,0.07196,-0.774536,-0.500549,down
228455,4.933594,7.148437,-1.613281,-0.068359,-0.140625,-0.212891,0.379395,0.072205,-0.774597,-0.500916,down
228460,5.011719,7.042969,-1.691406,-0.068359,-0.140625,-0.212891,0.378967,0.072449,-0.774597,-0.501099,down
228465,4.933594,7.003906,-1.652344,0.023437,-0.125,-0.222656,0.378418,0.072815,-0.774719,-0.501282,down
228470,4.855469,7.0,-1.535156,0.023437,-0.125,-0.222656,0.377991,0.073059,-0.774841,-0.501465,down
228475,4.78125,7.003906,-1.460938,0.023437,-0.125,-0.222656,0.377441,0.073425,-0.774963,-0.501526,down
228481,4.664062,7.042969,-1.382813,0.023437,-0.125,-0.222656,0.376953,0.073853,-0.775146,-0.501587,down
228486,4.664062,7.042969,-1.382813,0.146484,-0.097656,-0.267578,0.376404,0.074341,-0.775391,-0.501587,down
228491,4.628906,7.082031,-1.421875,0.146484,-0.097656,-0.267578,0.375854,0.07489,-0.775635,-0.501526,down
228497,4.511719,7.230469,-1.304688,0.146484,-0.097656,-0.267578,0.375244,0.0755,-0.775879,-0.501465,down
228502,4.511719,7.230469,-1.230469,0.201172,-0.179687,-0.341797,0.375244,0.0755,-0.775879,-0.501465,down
228508,4.472656,7.269531,-1.152344,0.203125,-0.224609,-0.361328,0.375244,0.0755,-0.775879,-0.501465,down
228514,4.433594,7.148437,-1.152344,0.203125,-0.255859,-0.384766,0.375244,0.0755,-0.775879,-0.501465,down
228520,4.398437,7.191406,-1.113281,0.144531,-0.318359,-0.433594,0.375244,0.0755,-0.775879,-0.501465,down
228525,4.359375,7.191406,-1.152344,0.144531,-0.318359,-0.433594,0.369324,0.079102,-0.778137,-0.501831,down
228530,4.359375,7.113281,-1.230469,0.144531,-0.318359,-0.433594,0.367859,0.079651,-0.778503,-0.502258,down
228535,4.320312,7.109375,-1.230469,0.144531,-0.318359,-0.433594,0.366211,0.0802,-0.778809,-0.50293,down
228540,4.320312,7.113281,-1.34375,-0.105469,-0.451172,-0.601562,0.364807,0.080627,-0.778931,-0.503662,down
228545,4.28125,7.148437,-1.460938,-0.162109,-0.453125,-0.652344,0.364807,0.080627,-0.778931,-0.503662,down
228550,4.28125,7.386719,-1.726563,-0.162109,-0.453125,-0.652344,0.363098,0.081177,-0.779053,-0.504578,down
228555,4.28125,7.386719,-1.726563,-0.212891,-0.482422,-0.705078,0.361633,0.081665,-0.779114,-0.505554,down
228560,4.320312,7.425781,-1.726563,-0.212891,-0.482422,-0.705078,0.359802,0.082214,-0.779053,-0.506775,down
228565,4.28125,7.503906,-1.882813,-0.353516,-0.503906,-0.828125,0.357849,0.082886,-0.778931,-0.508301,down
228570,4.242187,7.574219,-1.957031,-0.386719,-0.494141,-0.882812,0.353882,0.084351,-0.778442,-0.511597,down
228575,4.242187,7.652344,-2.074219,-0.453125,-0.435547,-0.998047,0.353882,0.084351,-0.778442,-0.511597,down
228580,4.167969,7.691406,-2.074219,-0.453125,-0.435547,-0.998047,0.34967,0.086365,-0.777527,-0.515442,down
228585,4.207031,7.726562,-2.1875,-0.521484,-0.402344,-1.097656,0.34967,0.086365,-0.777527,-0.515442,down
228590,4.089844,7.84375,-2.226563,-0.521484,-0.402344,-1.097656,0.345581,0.088623,-0.776428,-0.519531,down
228596,4.089844,7.84375,-2.226563,-0.572266,-0.378906,-1.179688,0.343384,0.089905,-0.775696,-0.52179,down
228601,3.976563,7.953125,-2.148438,-0.572266,-0.378906,-1.179688,0.341187,0.091248,-0.774963,-0.524048,down
228607,3.9375,8.035156,-2.109375,-0.572266,-0.378906,-1.179688,0.339233,0.092468,-0.774353,-0.526062,down
228613,3.898438,8.148438,-2.109375,-0.617187,-0.373047,-1.279297,0.339233,0.092468,-0.774353,-0.526062,down
228619,3.824219,8.378906,-2.226563,-0.625,-0.347656,-1.306641,0.339233,0.092468,-0.774353,-0.526062,down
228624,3.785156,8.417969,-2.300781,-0.634766,-0.335938,-1.335938,0.339233,0.092468,-0.774353,-0.526062,down
228629,3.785156,8.414063,-2.339844,-0.724609,-0.308594,-1.386719,0.339233,0.092468,-0.774353,-0.526062,down
228634,3.785156,8.414063,-2.339844,-0.724609,-0.308594,-1.386719,0.328003,0.10022,-0.769897,-0.538208,down
228639,3.785156,8.574219,-2.378906,-0.783203,-0.289063,-1.416016,0.328003,0.10022,-0.769897,-0.538208,down
228644,3.746094,8.722656,-2.53125,-0.783203,-0.289063,-1.416016,0.323486,0.103577,-0.767456,-0.543701,down
228650,3.785156,8.796875,-2.648438,-0.927734,-0.166016,-1.503906,0.323486,0.103577,-0.767456,-0.543701,down
228656,3.746094,9.074219,-2.839844,-0.927734,-0.166016,-1.503906,0.316833,0.109253,-0.762878,-0.552917,down
228661,3.785156,9.488281,-2.878906,-0.927734,-0.166016,-1.503906,0.314941,0.111084,-0.76123,-0.555847,down
228666,3.785156,9.488281,-2.878906,-1.107422,-0.068359,-1.583984,0.312927,0.113037,-0.759399,-0.559143,down
228671,3.667969,9.90625,-2.953125,-1.107422,-0.068359,-1.583984,0.31073,0.115295,-0.757202,-0.562866,down
228677,3.632813,10.222656,-2.914063,-1.107422,-0.068359,-1.583984,0.30896,0.117188,-0.755249,-0.56604,down
228682,3.59375,10.222656,-2.914063,-1.222656,-0.019531,-1.623047,0.30896,0.117188,-0.755249,-0.56604,down
228687,3.59375,10.222656,-2.914063,-1.244141,-0.011719,-1.621094,0.304993,0.121338,-0.750793,-0.573242,down
228692,3.554688,10.21875,-2.800781,-1.257813,0.009766,-1.630859,0.30304,0.123413,-0.748535,-0.576782,down
228697,3.554688,10.21875,-2.800781,-1.257813,0.009766,-1.630859,0.30304,0.123413,-0.748535,-0.576782,down
228702,3.441406,10.257813,-2.648438,-1.253906,0.048828,-1.632813,0.299255,0.127747,-0.743713,-0.583923,down
228708,3.363281,10.328125,-2.492188,-1.251953,0.076172,-1.650391,0.299255,0.127747,-0.743713,-0.583923,down
228714,3.171875,10.023438,-2.378906,-1.251953,0.076172,-1.650391,0.295532,0.132202,-0.738831,-0.591064,down
228719,3.132813,9.800781,-2.1875,-1.251953,0.076172,-1.650391,0.293823,0.13446,-0.736267,-0.594543,down
228725,3.132813,9.683594,-1.957031,-1.279297,0.191406,-1.568359,0.293823,0.13446,-0.736267,-0.594543,down
228730,2.980469,9.605469,-1.613281,-1.279297,0.191406,-1.568359,0.289001,0.141174,-0.728455,-0.604858,down
228735,2.828125,9.644531,-1.535156,-1.146484,0.300781,-1.466797,0.289001,0.141174,-0.728455,-0.604858,down
228740,2.75,9.71875,-1.496094,-1.042969,0.302734,-1.386719,0.287598,0.143616,-0.725769,-0.608215,down
228745,2.636719,9.839844,-1.34375,-1.042969,0.302734,-1.386719,0.285278,0.147888,-0.721191,-0.613647,down
228750,2.558594,9.875,-1.152344,-1.042969,0.302734,-1.386719,0.284241,0.149963,-0.719238,-0.615967,down
228755,2.367188,9.878906,-0.730469,-1.042969,0.302734,-1.386719,0.284241,0.149963,-0.719238,-0.615967,down
228760,2.289063,9.835938,-0.617187,-0.654297,0.324219,-1.117188,0.282471,0.154053,-0.715881,-0.61969,down
228765,2.214844,9.761719,-0.65625,-0.316406,0.322266,-0.970703,0.282471,0.154053,-0.715881,-0.61969,down
228770,2.023438,9.679688,-0.386719,-0.173828,0.283203,-0.90625,0.281677,0.156067,-0.7146,-0.621033,down
228775,2.023438,9.683594,-0.308594,-0.173828,0.283203,-0.90625,0.280762,0.158203,-0.713562,-0.62207,down
228780,1.945313,9.722656,-0.273438,0.074219,0.216797,-0.84375,0.279968,0.160034,-0.712891,-0.622742,down
228786,1.867188,9.90625,-0.195312,0.074219,0.216797,-0.84375,0.278137,0.163574,-0.712097,-0.623535,down
228791,1.832031,9.984375,-0.234375,0.183594,0.126953,-0.839844,0.276917,0.165649,-0.711914,-0.623779,down
228796,1.792969,10.066406,-0.273438,0.166016,0.097656,-0.863281,0.275696,0.167542,-0.711731,-0.624023,down
228802,1.675781,10.144531,-0.308594,0.166016,0.097656,-0.863281,0.274658,0.169006,-0.711548,-0.624268,down
228807,1.640625,10.222656,-0.347656,0.166016,0.097656,-0.863281,0.273376,0.170715,-0.711121,-0.624817,down
228812,1.640625,10.222656,-0.347656,-0.146484,0.001953,-0.910156,0.272034,0.172241,-0.710632,-0.625549,down
228817,1.640625,10.261719,-0.386719,-0.146484,0.001953,-0.910156,0.272034,0.172241,-0.710632,-0.625549,down
228822,1.640625,10.292969,-0.308594,-0.265625,-0.023437,-0.931641,0.27063,0.173767,-0.7099,-0.626587,down
228827,1.640625,10.292969,-0.308594,-0.486328,-0.042969,-0.957031,0.269287,0.17511,-0.708984,-0.627808,down
228834,1.601563,10.179688,-0.308594,-0.486328,-0.042969,-0.957031,0.269287,0.17511,-0.708984,-0.627808,down
228839,1.523438,10.101563,-0.234375,-0.841797,-0.021484,-1.007813,0.269287,0.17511,-0.708984,-0.627808,down
228844,1.523438,9.988281,-0.234375,-0.841797,-0.021484,-1.007813,0.264038,0.180115,-0.703491,-0.634766,down
228850,1.449219,9.90625,-0.195312,-0.943359,0.007813,-1.033203,0.264038,0.180115,-0.703491,-0.634766,down
228855,1.410156,9.800781,-0.042969,-0.943359,0.007813,-1.033203,0.261597,0.182434,-0.699646,-0.639343,down
228860,1.332031,9.800781,-0.042969,-0.943359,0.007813,-1.033203,0.260315,0.183777,-0.69751,-0.641846,down
228865,1.292969,9.757813,0.074219,-0.884766,0.017578,-1.048828,0.260315,0.183777,-0.69751,-0.641846,down
228870,1.257813,9.71875,0.109375,-0.830078,0.035156,-1.060547,0.256592,0.187683,-0.691833,-0.648315,down
228875,1.179688,9.757813,0.1875,-0.830078,0.035156,-1.060547,0.255371,0.189026,-0.690308,-0.650085,down
228880,1.0625,9.757813,0.265625,-0.830078,0.035156,-1.060547,0.255371,0.189026,-0.690308,-0.650085,down
228885,1.027344,9.796875,0.339844,-0.582031,0.03125,-1.142578,0.255371,0.189026,-0.690308,-0.650085,down
228890,0.835937,10.105469,0.378906,-0.494141,0.017578,-1.177734,0.255371,0.189026,-0.690308,-0.650085,down
228895,0.757812,10.289063,0.457031,-0.494141,0.017578,-1.177734,0.250488,0.194153,-0.685791,-0.655151,down
228900,0.71875,10.410156,0.53125,-0.275391,-0.154297,-1.253906,0.248474,0.196045,-0.68457,-0.656677,down
228905,0.644531,10.449219,0.570312,-0.275391,-0.154297,-1.253906,0.24646,0.197693,-0.683594,-0.657959,down
228910,0.488281,10.527344,0.609375,-0.275391,-0.154297,-1.253906,0.244202,0.199402,-0.682556,-0.659302,down
228915,0.488281,10.527344,0.609375,-0.382813,-0.238281,-1.257813,0.242126,0.200928,-0.681641,-0.660583,down
228920,0.453125,10.488281,0.648437,-0.382813,-0.238281,-1.257813,0.239868,0.202454,-0.680603,-0.661987,down
228925,0.414062,10.410156,0.648437,-0.587891,-0.304688,-1.232422,0.239868,0.202454,-0.680603,-0.661987,down
228931,0.335938,10.367188,0.570312,-0.587891,-0.304688,-1.232422,0.233032,0.20636,-0.676453,-0.667419,down
228936,0.261719,10.332031,0.570312,-0.882812,-0.34375,-1.208984,0.230713,0.207458,-0.674561,-0.669861,down
228942,0.222656,10.21875,0.457031,-0.882812,-0.34375,-1.208984,0.228577,0.208374,-0.672546,-0.672363,down
228948,0.144531,10.105469,0.378906,-0.882812,-0.34375,-1.208984,0.226685,0.209167,-0.670532,-0.674744,down
228954,0.222656,10.027344,0.457031,-1.109375,-0.345703,-1.203125,0.226685,0.209167,-0.670532,-0.674744,down
228960,0.183594,10.027344,0.492187,-1.068359,-0.337891,-1.222656,0.226685,0.209167,-0.670532,-0.674744,down
228965,0.144531,10.101563,0.53125,-1.068359,-0.337891,-1.222656,0.220581,0.211609,-0.663574,-0.6828,down
228970,0.144531,10.101563,0.53125,-1.068359,-0.337891,-1.222656,0.220581,0.211609,-0.663574,-0.6828,down
228975,0.070312,10.21875,0.570312,-1.005859,-0.335938,-1.242188,0.220581,0.211609,-0.663574,-0.6828,down
228980,0.070312,10.21875,0.570312,-0.802734,-0.398438,-1.232422,0.21405,0.214294,-0.657288,-0.690063,down
228985,-0.007813,11.0625,0.800781,-0.527344,-0.689453,-1.091797,0.21405,0.214294,-0.657288,-0.690063,down
228990,-0.199219,11.480469,1.222656,-0.527344,-0.689453,-1.091797,0.208984,0.215576,-0.654297,-0.694092,down
228995,-0.351563,11.59375,1.222656,-0.527344,-0.689453,-1.091797,0.205933,0.215759,-0.653198,-0.695984,down
229001,-0.429687,11.710938,1.183594,-0.376953,-0.90625,-0.75,0.205933,0.215759,-0.653198,-0.695984,down
229006,-0.621094,11.515625,0.914062,-0.376953,-0.90625,-0.75,0.197937,0.214417,-0.651123,-0.700623,down
229011,-0.621094,11.25,0.839844,-0.376953,-0.90625,-0.75,0.195862,0.21344,-0.650513,-0.702087,down
229016,-0.660156,10.988281,0.800781,-0.628906,-1.162109,-0.390625,0.193298,0.211731,-0.649719,-0.704041,down
229022,-0.277344,10.289063,0.878906,-0.628906,-1.162109,-0.390625,0.191345,0.210022,-0.648987,-0.705811,down
229027,-0.085937,10.144531,0.800781,-0.871094,-1.261719,-0.189453,0.191345,0.210022,-0.648987,-0.705811,down
229032,0.144531,10.105469,0.722656,-0.892578,-1.189453,-0.111328,0.191345,0.210022,-0.648987,-0.705811,down
229037,0.183594,10.0625,0.53125,-0.892578,-1.189453,-0.111328,0.185913,0.202942,-0.645752,-0.712219,down
229042,0.261719,10.328125,0.109375,-0.892578,-1.189453,-0.111328,0.185913,0.202942,-0.645752,-0.712219,down
229047,0.261719,10.328125,0.109375,-0.685547,-0.818359,0.03125,0.183716,0.198914,-0.64386,-0.715637,down
229053,0.144531,10.789063,-0.425781,-0.685547,-0.818359,0.03125,0.183716,0.198914,-0.64386,-0.715637,down
229059,0.03125,11.449219,-0.617187,-0.685547,-0.818359,0.03125,0.182312,0.195862,-0.642822,-0.717773,down
229065,-0.007813,11.636719,-0.695312,-0.013672,-0.421875,0.132812,0.182312,0.195862,-0.642822,-0.717773,down
229070,-0.085937,11.792969,-0.695312,0.232422,-0.304688,0.158203,0.181213,0.193298,-0.644104,-0.71759,down
229075,-0.125,12.285156,-0.539062,0.232422,-0.304688,0.158203,0.181213,0.193298,-0.644104,-0.71759,down
229080,-0.238281,12.441406,-0.464844,0.232422,-0.304688,0.158203,0.181091,0.192993,-0.645264,-0.716675,down
229085,-0.351563,12.554688,-0.464844,0.759766,0.115234,0.230469,0.181091,0.192993,-0.645264,-0.716675,down
229090,-0.390625,12.667969,-0.464844,0.759766,0.115234,0.230469,0.181274,0.192932,-0.647949,-0.714172,down
229096,-0.542969,12.902344,-0.273438,0.759766,0.115234,0.230469,0.182007,0.193298,-0.650452,-0.711609,down
229101,-0.542969,12.941406,-0.042969,0.300781,0.167969,0.240234,0.182007,0.193298,-0.650452,-0.711609,down
229106,-0.507812,12.898438,0.148437,0.300781,0.167969,0.240234,0.183105,0.193359,-0.651611,-0.710266,down
229111,-0.542969,12.742188,0.300781,0.300781,0.167969,0.240234,0.183899,0.193237,-0.651428,-0.710266,down
229116,-0.542969,12.4375,0.339844,-0.537109,0.257813,0.230469,0.184998,0.193054,-0.650635,-0.710754,down
229121,-0.660156,12.359375,0.265625,-0.804687,0.259766,0.238281,0.184998,0.193054,-0.650635,-0.710754,down
229126,-0.621094,12.320313,0.226562,-0.804687,0.259766,0.238281,0.187378,0.192444,-0.647949,-0.712769,down
229131,-0.699219,12.253906,0.339844,-0.804687,0.259766,0.238281,0.18866,0.191833,-0.645996,-0.714355,down
229136,-0.734375,12.09375,0.609375,-1.337891,0.175781,0.291016,0.18866,0.191833,-0.645996,-0.714355,down
229141,-0.773437,12.058594,0.648437,-1.4375,0.191406,0.320313,0.190186,0.19104,-0.643555,-0.71637,down
229146,-0.851562,11.941406,0.648437,-1.4375,0.191406,0.320313,0.193298,0.189331,-0.638672,-0.720337,down
229151,-0.964844,11.941406,0.53125,-1.4375,0.191406,0.320313,0.194946,0.188416,-0.63623,-0.72229,down
229156,-1.042969,11.75,0.457031,-1.380859,0.148437,0.419922,0.194946,0.188416,-0.63623,-0.72229,down
229161,-0.964844,11.597656,0.53125,-1.294922,0.107422,0.466797,0.196777,0.187317,-0.633545,-0.724487,down
229166,-0.851562,11.25,0.761719,-1.294922,0.107422,0.466797,0.199951,0.185059,-0.629333,-0.727844,down
229171,-0.8125,11.097656,0.800781,-1.294922,0.107422,0.466797,0.199951,0.185059,-0.629333,-0.727844,down
229176,-0.8125,11.023438,0.839844,-1.089844,0.152344,0.59375,0.203735,0.182556,-0.62561,-0.730652,down
229181,-0.8125,10.910156,0.992187,-1.089844,0.152344,0.59375,0.20575,0.181274,-0.624023,-0.731689,down
229186,-0.851562,10.792969,1.03125,-1.089844,0.152344,0.59375,0.207703,0.180115,-0.622742,-0.732544,down
229191,-0.8125,10.671875,0.992187,-1.089844,0.152344,0.59375,0.207703,0.180115,-0.622742,-0.732544,down
229196,-0.734375,10.484375,1.144531,-0.855469,0.242187,0.875,0.212585,0.177307,-0.620056,-0.73407,down
229201,-0.582031,10.21875,1.144531,-0.855469,0.242187,0.875,0.21521,0.175903,-0.618835,-0.734741,down
229206,-0.621094,10.0625,1.144531,-0.855469,0.242187,0.875,0.21521,0.175903,-0.618835,-0.734741,down
229211,-0.621094,10.0625,1.144531,-0.828125,0.390625,1.136719,0.218201,0.174377,-0.617554,-0.735291,down
229216,-0.621094,9.945313,1.144531,-0.789062,0.441406,1.216797,0.218201,0.174377,-0.617554,-0.735291,down
229221,-0.542969,9.640625,1.296875,-0.732422,0.472656,1.302734,0.218201,0.174377,-0.617554,-0.735291,down
229227,-0.542969,9.640625,1.296875,-0.628906,0.533203,1.449219,0.231873,0.168152,-0.613281,-0.736084,down
229232,-0.390625,9.457031,1.375,-0.560547,0.5625,1.519531,0.236023,0.166443,-0.612427,-0.73584,down
229237,-0.351563,9.21875,1.375,-0.560547,0.5625,1.519531,0.240112,0.164734,-0.611755,-0.735474,down
229243,-0.277344,8.992188,1.488281,-0.560547,0.5625,1.519531,0.243835,0.163269,-0.611267,-0.735046,down
229248,-0.277344,8.992188,1.488281,-0.337891,0.626953,1.681641,0.248352,0.161499,-0.61084,-0.734253,down
229253,-0.160156,8.878906,1.566406,-0.337891,0.626953,1.681641,0.248352,0.161499,-0.61084,-0.734253,down
229258,-0.125,8.839844,1.679688,-0.337891,0.626953,1.681641,0.256531,0.158325,-0.610413,-0.732483,down
229264,-0.125,8.800781,1.71875,-0.150391,0.660156,1.808594,0.256531,0.158325,-0.610413,-0.732483,down
229269,-0.007813,8.71875,1.757813,-0.097656,0.652344,1.855469,0.256531,0.158325,-0.610413,-0.732483,down
229275,0.144531,8.457031,1.949219,-0.078125,0.652344,1.896484,0.256531,0.158325,-0.610413,-0.732483,down
229280,0.261719,8.269531,1.988281,-0.068359,0.646484,1.958984,0.256531,0.158325,-0.610413,-0.732483,down
229285,0.296875,8.191406,2.066406,-0.044922,0.654297,2.019531,0.256531,0.158325,-0.610413,-0.732483,down
229291,0.375,8.113281,2.066406,0.033203,0.658203,2.115234,0.256531,0.158325,-0.610413,-0.732483,down
229296,0.488281,7.882812,2.101563,0.087891,0.630859,2.175781,0.28833,0.145569,-0.611511,-0.72229,down
229301,0.605469,7.808594,2.179688,0.087891,0.630859,2.175781,0.29364,0.143311,-0.612,-0.720215,down
229306,0.71875,7.769531,2.257813,0.087891,0.630859,2.175781,0.298401,0.141174,-0.612488,-0.718201,down
229311,0.757812,7.570312,2.257813,0.212891,0.607422,2.283203,0.298401,0.141174,-0.612488,-0.718201,down
229316,0.910156,7.34375,2.292969,0.283203,0.601562,2.339844,0.308044,0.13678,-0.613953,-0.713806,down
229321,0.910156,7.34375,2.292969,0.283203,0.601562,2.339844,0.308044,0.13678,-0.613953,-0.713806,down
229326,1.101563,7.1875,2.257813,0.482422,0.609375,2.417969,0.308044,0.13678,-0.613953,-0.713806,down
229331,1.101563,7.1875,2.257813,0.607422,0.587891,2.447266,0.323181,0.129944,-0.617249,-0.705444,down
229336,1.449219,6.765625,2.332031,0.607422,0.587891,2.447266,0.333252,0.125427,-0.620544,-0.698669,down
229341,1.5625,6.726562,2.371094,0.607422,0.587891,2.447266,0.333252,0.125427,-0.620544,-0.698669,down
229346,1.640625,6.542969,2.257813,1.013672,0.544922,2.539063,0.333252,0.125427,-0.620544,-0.698669,down
229352,1.714844,6.5,2.257813,1.140625,0.544922,2.568359,0.348145,0.119019,-0.627075,-0.686584,down
229357,1.792969,6.460937,2.21875,1.384766,0.544922,2.658203,0.353455,0.116821,-0.629822,-0.681702,down
229362,1.984375,6.460937,2.179688,1.384766,0.544922,2.658203,0.358765,0.114624,-0.632751,-0.676575,down
229367,2.097656,6.425781,2.257813,1.384766,0.544922,2.658203,0.363281,0.112854,-0.635315,-0.672058,down
229372,2.175781,6.425781,2.140625,1.707031,0.587891,2.849609,0.368958,0.110596,-0.638672,-0.666199,down
229377,2.25,6.503906,1.988281,1.787109,0.611328,2.939453,0.374146,0.108643,-0.641724,-0.660583,down
229383,2.558594,6.117187,1.796875,1.787109,0.611328,2.939453,0.37915,0.10675,-0.644653,-0.655151,down
229388,2.558594,6.117187,1.796875,1.787109,0.611328,2.939453,0.37915,0.10675,-0.644653,-0.655151,down
229393,2.558594,6.117187,1.796875,1.964844,0.755859,3.175781,0.39032,0.102661,-0.651062,-0.642822,down
229398,2.558594,6.117187,1.796875,2.044922,0.824219,3.261719,0.396362,0.100586,-0.654419,-0.636047,down
229403,3.054688,5.734375,1.375,2.044922,0.824219,3.261719,0.396362,0.100586,-0.654419,-0.636047,down
229408,3.054688,5.734375,1.375,2.146484,0.884766,3.337891,0.408813,0.09668,-0.661072,-0.621704,down
229414,3.210938,5.433594,1.527344,2.146484,0.884766,3.337891,0.415039,0.094849,-0.66449,-0.614136,down
229419,3.324219,5.050781,1.605469,2.462891,1.033203,3.539063,0.415039,0.094849,-0.66449,-0.614136,down
229424,3.441406,4.773437,1.835938,2.560547,1.066406,3.601563,0.415039,0.094849,-0.66449,-0.614136,down
229430,3.515625,4.589844,2.027344,2.677734,1.041016,3.666016,0.415039,0.094849,-0.66449,-0.614136,down
229435,3.667969,4.203125,2.332031,2.677734,1.041016,3.666016,0.441772,0.087708,-0.679138,-0.57959,down
229441,3.746094,4.203125,2.332031,2.677734,1.041016,3.666016,0.447815,0.086182,-0.682861,-0.570801,down
229446,3.746094,4.046875,2.449219,2.677734,1.041016,3.666016,0.454346,0.084534,-0.687073,-0.560669,down
229451,3.746094,4.046875,2.449219,3.349609,0.90625,3.791016,0.460205,0.08313,-0.691162,-0.551025,down
229456,3.820313,3.707031,2.523438,3.496094,0.835937,3.808594,0.466187,0.081726,-0.695557,-0.540588,down
229461,3.820313,3.707031,2.523438,3.617188,0.804687,3.814453,0.466187,0.081726,-0.695557,-0.540588,down
229466,3.898438,3.628906,2.292969,3.617188,0.804687,3.814453,0.471924,0.080322,-0.700073,-0.529907,down
229471,3.898438,3.628906,2.292969,3.744141,0.691406,3.789063,0.483032,0.077698,-0.709412,-0.507324,down
229476,4.320312,3.859375,1.527344,3.744141,0.691406,3.789063,0.488098,0.076355,-0.71405,-0.496094,down
229482,4.585937,3.972656,1.335938,3.783203,0.478516,3.714844,0.497986,0.073303,-0.723938,-0.471741,down
229488,4.589844,4.089844,1.222656,3.783203,0.478516,3.714844,0.501587,0.072144,-0.728027,-0.46167,down
229493,4.851562,3.859375,1.105469,3.783203,0.478516,3.714844,0.501587,0.072144,-0.728027,-0.46167,down
229498,4.851562,3.859375,1.105469,3.757813,0.195312,3.421875,0.505432,0.07074,-0.732788,-0.450012,down
229503,4.894531,3.742188,1.222656,3.757813,0.195312,3.421875,0.508728,0.069458,-0.737305,-0.439026,down
229508,4.894531,3.742188,1.222656,3.601563,0.011719,3.130859,0.514282,0.067078,-0.746094,-0.417542,down
229513,4.972656,3.054688,1.144531,3.394531,-0.238281,2.767578,0.516296,0.065979,-0.750305,-0.407532,down
229518,5.011719,2.824219,1.335938,3.394531,-0.238281,2.767578,0.516296,0.065979,-0.750305,-0.407532,down
229523,4.933594,2.824219,1.296875,3.171875,-0.535156,2.367188,0.516296,0.065979,-0.750305,-0.407532,down
229528,4.894531,2.710938,1.144531,3.171875,-0.535156,2.367188,0.519409,0.063171,-0.762878,-0.379822,down
229533,4.785156,2.671875,0.953125,3.171875,-0.535156,2.367188,0.519348,0.062378,-0.767151,-0.371277,down
229538,4.707031,2.632813,0.878906,2.810547,-1.042969,1.740234,0.519348,0.062378,-0.767151,-0.371277,down
229543,4.667969,2.554688,0.683594,2.646484,-1.191406,1.548828,0.519348,0.062378,-0.767151,-0.371277,down
229548,4.703125,2.554688,0.378906,2.646484,-1.191406,1.548828,0.519348,0.062378,-0.767151,-0.371277,down
229553,4.703125,2.554688,0.378906,2.451172,-1.300781,1.351563,0.516174,0.060425,-0.779541,-0.349548,down
229558,4.625,2.59375,0.148437,2.451172,-1.300781,1.351563,0.514282,0.059814,-0.783508,-0.343628,down
229564,4.625,2.59375,0.148437,2.009766,-1.488281,0.927734,0.509338,0.058777,-0.791077,-0.333679,down
229569,4.625,2.59375,0.148437,1.484375,-1.738281,0.5,0.509338,0.058777,-0.791077,-0.333679,down
229575,4.78125,3.398438,-1.269531,1.484375,-1.738281,0.5,0.502808,0.057678,-0.798035,-0.327026,down
229580,4.78125,3.476563,-1.574219,0.902344,-1.849609,0.039063,0.502808,0.057678,-0.798035,-0.327026,down
229586,4.824219,3.667969,-2.148438,0.902344,-1.849609,0.039063,0.491089,0.056519,-0.806824,-0.323547,down
229591,4.820312,3.820313,-2.457031,0.902344,-1.849609,0.039063,0.491089,0.056519,-0.806824,-0.323547,down
229597,4.894531,4.011719,-2.683594,0.171875,-1.9375,-0.728516,0.481995,0.056763,-0.811646,-0.325134,down
229602,4.820312,4.203125,-3.144531,0.171875,-1.9375,-0.728516,0.477234,0.057251,-0.81366,-0.327026,down
229607,4.785156,4.128906,-3.222656,0.171875,-1.9375,-0.728516,0.472229,0.057983,-0.815491,-0.329651,down
229612,4.785156,4.128906,-3.261719,-0.607422,-1.988281,-1.748047,0.472229,0.057983,-0.815491,-0.329651,down
229617,4.625,4.320312,-2.800781,-0.720703,-2.027344,-1.978516,0.466309,0.059143,-0.817261,-0.333313,down
229622,4.511719,4.472656,-2.570313,-0.720703,-2.027344,-1.978516,0.460999,0.060425,-0.818726,-0.336975,down
229627,4.320312,4.589844,-2.378906,-0.818359,-2.123047,-2.396484,0.454773,0.062256,-0.82019,-0.341492,down
229632,4.320312,4.589844,-2.378906,-0.818359,-2.123047,-2.396484,0.449097,0.064087,-0.821411,-0.345703,down
229637,3.707031,4.96875,-2.109375,-0.835937,-2.171875,-2.574219,0.442749,0.066345,-0.822632,-0.350464,down
229642,3.707031,4.96875,-2.109375,-0.855469,-2.277344,-2.708984,0.436096,0.068848,-0.823853,-0.355408,down
229647,3.441406,5.429687,-2.109375,-0.855469,-2.277344,-2.708984,0.429016,0.071472,-0.825134,-0.360535,down
229652,3.441406,5.429687,-2.109375,-1.046875,-2.568359,-2.958984,0.413696,0.076965,-0.827515,-0.371643,down
229657,3.324219,5.578125,-2.265625,-1.126953,-2.648438,-2.984375,0.413696,0.076965,-0.827515,-0.371643,down
229662,3.324219,6.273437,-3.183594,-1.126953,-2.648438,-2.984375,0.396912,0.082214,-0.829651,-0.38385,down
229667,3.363281,6.582031,-3.527344,-1.126953,-2.648438,-2.984375,0.389404,0.084351,-0.830383,-0.389465,down
229672,3.285156,7.269531,-4.675781,-1.126953,-2.648438,-2.984375,0.381042,0.086609,-0.830994,-0.395874,down
229677,3.285156,7.613281,-5.289062,-1.498047,-2.455078,-2.84375,0.381042,0.086609,-0.830994,-0.395874,down
229682,3.324219,7.847656,-5.863281,-1.507813,-2.332031,-2.791016,0.372498,0.088928,-0.831299,-0.402771,down
229687,3.402344,7.953125,-6.324219,-1.507813,-2.332031,-2.791016,0.365173,0.090942,-0.83136,-0.408936,down
229692,3.515625,8.152344,-6.476562,-1.507813,-2.332031,-2.791016,0.358276,0.092834,-0.831238,-0.414734,down
229697,3.554688,8.269531,-6.363281,-1.384766,-2.253906,-2.771484,0.351379,0.094849,-0.831116,-0.42041,down
229702,3.554688,8.269531,-6.363281,-1.384766,-2.253906,-2.771484,0.351379,0.094849,-0.831116,-0.42041,down
229707,3.402344,8.414063,-6.132812,-0.994141,-2.134766,-2.972656,0.351379,0.094849,-0.831116,-0.42041,down
229712,3.402344,8.414063,-6.132812,-0.759766,-2.056641,-3.119141,0.329285,0.103271,-0.830994,-0.43634,down
229717,2.558594,9.21875,-4.640625,-0.759766,-2.056641,-3.119141,0.321472,0.1073,-0.831116,-0.440918,down
229722,2.214844,9.144531,-4.292969,-0.759766,-2.056641,-3.119141,0.304993,0.117249,-0.831787,-0.448792,down
229727,1.714844,8.957031,-3.566406,-0.759766,-2.056641,-3.119141,0.304993,0.117249,-0.831787,-0.448792,down
229732,1.601563,8.917969,-3.222656,-0.044922,-2.283203,-4.001953,0.304993,0.117249,-0.831787,-0.448792,down
229737,1.449219,8.957031,-3.03125,-0.044922,-2.283203,-4.001953,0.286926,0.128662,-0.83252,-0.456055,down
229743,0.949219,8.761719,-2.914063,-0.044922,-2.283203,-4.001953,0.267822,0.139771,-0.83252,-0.464355,down
229749,0.796875,8.878906,-3.183594,-0.044922,-2.283203,-4.001953,0.258728,0.144714,-0.831909,-0.469055,down
229754,0.796875,8.878906,-3.183594,-1.320313,-2.589844,-4.179687,0.248962,0.149658,-0.830688,-0.474915,down
229759,0.757812,9.296875,-3.605469,-1.320313,-2.589844,-4.179687,0.248962,0.149658,-0.830688,-0.474915,down
229764,0.605469,10.289063,-5.214844,-1.755859,-2.605469,-4.083984,0.248962,0.149658,-0.830688,-0.474915,down
229769,0.605469,10.289063,-5.214844,-2.226563,-2.578125,-3.9375,0.229675,0.158203,-0.826355,-0.489197,down
229775,0.605469,11.554688,-6.285156,-2.226563,-2.578125,-3.9375,0.212036,0.164673,-0.819519,-0.506287,down
229780,0.871094,11.554688,-6.554687,-3.048828,-2.253906,-3.552734,0.212036,0.164673,-0.819519,-0.506287,down
229785,0.71875,11.480469,-6.324219,-3.048828,-2.253906,-3.552734,0.19635,0.170227,-0.811096,-0.523987,down
229790,0.566406,11.445313,-5.863281,-2.923828,-2.068359,-3.556641,0.19635,0.170227,-0.811096,-0.523987,down
229795,0.375,11.253906,-5.445312,-2.59375,-1.949219,-3.640625,0.19635,0.170227,-0.811096,-0.523987,down
229801,-0.046875,11.132813,-4.410156,-2.59375,-1.949219,-3.640625,0.173157,0.180298,-0.798096,-0.548218,down
229806,-0.277344,11.0625,-3.871094,-2.59375,-1.949219,-3.640625,0.165222,0.184631,-0.794434,-0.554504,down
229811,-0.277344,11.0625,-3.871094,-1.439453,-1.775391,-4.111328,0.156738,0.189575,-0.791016,-0.560181,down
229816,-0.542969,10.910156,-3.414063,-1.199219,-1.8125,-4.275391,0.156738,0.189575,-0.791016,-0.560181,down
229821,-0.542969,10.910156,-3.414063,-1.072266,-1.873047,-4.404297,0.13855,0.200378,-0.784668,-0.570068,down
229826,-1.082031,9.605469,-2.378906,-1.072266,-1.873047,-4.404297,0.13855,0.200378,-0.784668,-0.570068,down
229831,-1.082031,9.605469,-2.378906,-1.052734,-1.943359,-4.488281,0.11908,0.21167,-0.778137,-0.579224,down
229836,-1.847656,8.914063,-1.230469,-1.257813,-2.158203,-4.546875,0.11908,0.21167,-0.778137,-0.579224,down
229841,-2.191406,9.035156,-1.113281,-1.257813,-2.158203,-4.546875,0.09906,0.222107,-0.770813,-0.588867,down
229846,-2.5,9.257813,-1.152344,-1.625,-2.279297,-4.453125,0.09906,0.222107,-0.770813,-0.588867,down
229851,-2.5,9.257813,-1.152344,-1.912109,-2.251953,-4.345703,0.078918,0.23175,-0.761841,-0.599792,down
229856,-2.917969,9.757813,-1.84375,-1.912109,-2.251953,-4.345703,0.078918,0.23175,-0.761841,-0.599792,down
229862,-2.917969,9.757813,-1.84375,-2.513672,-2.230469,-4.060547,0.060242,0.240173,-0.750793,-0.612366,down
229867,-3.300781,10.179688,-2.378906,-2.513672,-2.230469,-4.060547,0.060242,0.240173,-0.750793,-0.612366,down
229872,-3.609375,11.289063,-3.070313,-2.722656,-2.232422,-3.880859,0.043457,0.247009,-0.738403,-0.625977,down
229878,-3.6875,11.097656,-3.105469,-2.699219,-1.974609,-3.480469,0.043457,0.247009,-0.738403,-0.625977,down
229883,-3.648438,10.910156,-2.914063,-2.699219,-1.974609,-3.480469,0.019775,0.256348,-0.718445,-0.646301,down
229889,-3.609375,10.445313,-2.300781,-2.699219,-1.974609,-3.480469,0.01239,0.259521,-0.712463,-0.651794,down
229894,-3.722656,10.257813,-1.882813,-2.699219,-1.974609,-3.480469,0.01239,0.259521,-0.712463,-0.651794,down
229899,-3.914063,9.90625,-1.613281,-2.017578,-1.712891,-3.675781,0.01239,0.259521,-0.712463,-0.651794,down
229904,-3.914063,9.90625,-1.613281,-1.863281,-1.623047,-3.839844,0.01062,-0.270813,0.695679,0.665283,down
229909,-4.261719,9.035156,-0.847656,-1.863281,-1.623047,-3.839844,0.01062,-0.270813,0.695679,0.665283,down
229914,-4.261719,9.035156,-0.847656,-1.861328,-1.630859,-4.169922,0.018921,-0.275208,0.689819,0.669373,down
229919,-4.453125,8.875,-0.003906,-2.201172,-1.707031,-4.453125,0.018921,-0.275208,0.689819,0.669373,down
229925,-4.644531,8.992188,0.265625,-2.464844,-1.759766,-4.529297,0.018921,-0.275208,0.689819,0.669373,down
229931,-5.257812,8.800781,0.609375,-2.464844,-1.759766,-4.529297,0.054382,-0.294373,0.661194,0.687927,down
229937,-5.449219,8.691406,0.761719,-3.076172,-1.849609,-4.5,0.054382,-0.294373,0.661194,0.687927,down
229942,-5.753906,8.722656,0.839844,-3.361328,-1.892578,-4.386719,0.079407,-0.307678,0.633423,0.705566,down
229947,-6.40625,9.074219,0.839844,-3.361328,-1.892578,-4.386719,0.079407,-0.307678,0.633423,0.705566,down
229952,-6.40625,9.074219,0.839844,-3.804688,-2.048828,-4.054687,0.086975,-0.31134,0.623291,0.712036,down
229957,-6.828125,9.261719,0.914062,-3.804688,-2.048828,-4.054687,0.094421,-0.314697,0.612549,0.718933,down
229962,-7.285156,9.484375,0.992187,-3.886719,-2.220703,-3.568359,0.094421,-0.314697,0.612549,0.718933,down
229967,-7.285156,9.484375,0.992187,-3.730469,-2.291016,-3.328125,0.107788,-0.319275,0.59198,0.732117,down
229972,-7.9375,8.796875,1.414063,-3.457031,-2.328125,-3.111328,0.107788,-0.319275,0.59198,0.732117,down
229977,-8.050781,8.417969,1.757813,-3.457031,-2.328125,-3.111328,0.120667,-0.321777,0.572876,0.744141,down
229982,-8.207031,8.53125,1.988281,-3.457031,-2.328125,-3.111328,0.127747,-0.322449,0.563965,0.74939,down
229987,-8.398438,8.835938,2.140625,-3.457031,-2.328125,-3.111328,0.134094,-0.322754,0.557678,0.752869,down
229992,-8.398438,8.835938,2.140625,-0.957031,-2.25,-2.814453,0.142212,-0.322815,0.551575,0.755859,down
229997,-8.511719,9.21875,2.21875,-0.351563,-2.179688,-2.839844,0.149414,-0.322754,0.547607,0.757385,down
230002,-8.511719,9.21875,2.21875,-0.351563,-2.179688,-2.839844,0.149414,-0.322754,0.547607,0.757385,down
230007,-8.472656,9.453125,2.332031,0.105469,-2.177734,-2.869141,0.149414,-0.322754,0.547607,0.757385,down
230012,-8.472656,9.453125,2.332031,0.451172,-2.248047,-2.917969,0.175598,-0.321594,0.539185,0.758301,down
230018,-8.78125,9.875,2.523438,0.714844,-2.371094,-3.048828,0.194702,-0.320129,0.534546,0.757568,down
230024,-8.589844,9.878906,2.449219,0.714844,-2.371094,-3.048828,0.204834,-0.319153,0.531128,0.75769,down
230029,-8.589844,9.878906,2.449219,-0.611328,-2.744141,-3.023438,0.213196,-0.318298,0.527161,0.758545,down
230034,-8.128906,9.484375,2.449219,-0.611328,-2.744141,-3.023438,0.222595,-0.317444,0.520752,0.76062,down
230040,-7.515625,8.691406,2.5625,-0.611328,-2.744141,-3.023438,0.229736,-0.317017,0.514038,0.763184,down
230046,-7.210937,8.074219,2.640625,-2.966797,-2.673828,-2.888672,0.229736,-0.317017,0.514038,0.763184,down
230052,-7.058594,7.039062,2.675781,-3.646484,-2.492188,-2.849609,0.229736,-0.317017,0.514038,0.763184,down
230058,-7.324219,6.730469,2.640625,-4.109375,-2.193359,-2.839844,0.253113,-0.321106,0.471252,0.781494,down
230063,-7.707031,6.3125,2.714844,-4.626953,-1.642578,-2.923828,0.253113,-0.321106,0.471252,0.781494,down
230068,-8.046875,5.851562,2.90625,-4.626953,-1.642578,-2.923828,0.260986,-0.327209,0.446472,0.790894,down
230073,-8.511719,5.125,3.519531,-4.626953,-1.642578,-2.923828,0.260986,-0.327209,0.446472,0.790894,down
230078,-8.746094,4.738281,3.863281,-4.679687,-1.263672,-3.181641,0.264587,-0.330811,0.434265,0.794983,down
230083,-8.746094,4.738281,3.863281,-4.679687,-1.263672,-3.181641,0.264587,-0.330811,0.434265,0.794983,down
230088,-8.96875,4.546875,4.09375,-4.089844,-0.96875,-3.546875,0.264587,-0.330811,0.434265,0.794983,down
230093,-9.695313,3.9375,4.632812,-3.529297,-0.851562,-3.755859,0.278137,-0.344055,0.397583,0.803894,down
230098,-9.816406,4.089844,4.898437,-2.832031,-0.824219,-3.943359,0.290588,-0.352112,0.378418,0.805237,down
230103,-10.238281,4.511719,5.167969,-1.380859,-1.066406,-4.132812,0.290588,-0.352112,0.378418,0.805237,down
230108,-10.699219,5.507812,6.046875,-1.380859,-1.066406,-4.132812,0.299011,-0.355591,0.369812,0.804626,down
230113,-10.734375,5.890625,6.125,-0.826172,-1.287109,-4.126953,0.315491,-0.359009,0.357605,0.802307,down
230118,-10.734375,6.15625,6.125,-0.375,-1.765625,-3.802734,0.315491,-0.359009,0.357605,0.802307,down
230123,-10.429688,6.3125,6.046875,-0.482422,-2.066406,-3.517578,0.325256,-0.359558,0.351318,0.800903,down
230129,-10.429688,6.3125,6.046875,-0.689453,-2.291016,-3.185547,0.34137,-0.358398,0.339966,0.799683,down
230134,-9.164063,5.660156,6.238281,-0.689453,-2.291016,-3.185547,0.349365,-0.356689,0.332947,0.799927,down
230140,-8.824219,5.199219,6.316406,-1.322266,-2.53125,-2.447266,0.355103,-0.355042,0.32666,0.80072,down
230145,-8.625,4.585937,6.277344,-1.322266,-2.53125,-2.447266,0.360535,-0.353088,0.319214,0.802124,down
230150,-8.472656,4.089844,5.894531,-1.322266,-2.53125,-2.447266,0.360535,-0.353088,0.319214,0.802124,down
230156,-8.472656,4.089844,5.894531,-1.855469,-2.382813,-1.853516,0.368469,-0.349792,0.304321,0.805786,down
230161,-7.976562,2.863281,5.628906,-2.066406,-2.3125,-1.480469,0.371582,-0.348145,0.296814,0.807861,down
230166,-7.976562,2.863281,5.628906,-2.066406,-2.3125,-1.480469,0.371582,-0.348145,0.296814,0.807861,down
230172,-7.480469,2.554688,5.472656,-2.099609,-2.226563,-1.386719,0.374268,-0.346558,0.289307,0.809998,down
230178,-7.59375,2.519531,5.320312,-1.925781,-1.902344,-1.345703,0.381714,-0.342773,0.267944,0.81543,down
230184,-7.558594,2.363281,5.089844,-1.925781,-1.902344,-1.345703,0.384644,-0.341553,0.261292,0.816772,down
230189,-7.519531,2.328125,5.089844,-1.087891,-1.632813,-1.435547,0.387268,-0.340332,0.256348,0.817566,down
230195,-7.554687,1.945313,5.207031,-1.087891,-1.632813,-1.435547,0.390442,-0.338928,0.251648,0.818115,down
230200,-7.324219,2.058594,5.28125,-1.087891,-1.632813,-1.435547,0.39386,-0.337463,0.247375,0.81842,down
230205,-7.285156,2.058594,5.320312,-0.544922,-1.460938,-1.537109,0.39386,-0.337463,0.247375,0.81842,down
230210,-7.25,2.019531,5.320312,-0.539062,-1.380859,-1.533203,0.39386,-0.337463,0.247375,0.81842,down
230216,-7.054687,1.867188,5.398437,-0.605469,-1.287109,-1.5,0.39386,-0.337463,0.247375,0.81842,down
230222,-6.9375,1.675781,5.511719,-0.658203,-1.230469,-1.404297,0.39386,-0.337463,0.247375,0.81842,down
230227,-6.859375,1.523438,5.664062,-0.732422,-1.169922,-1.277344,0.39386,-0.337463,0.247375,0.81842,down
230233,-6.789062,1.40625,5.855469,-0.982422,-0.962891,-0.941406,0.39386,-0.337463,0.247375,0.81842,down
230238,-6.859375,0.984375,6.125,-0.982422,-0.962891,-0.941406,0.416321,-0.329407,0.216797,0.819214,down
230243,-7.019531,0.792969,6.164062,-0.982422,-0.962891,-0.941406,0.416321,-0.329407,0.216797,0.819214,down
230248,-7.214844,0.601562,6.316406,-0.808594,-0.722656,-0.492187,0.416321,-0.329407,0.216797,0.819214,down
230253,-7.214844,0.601562,6.316406,-0.808594,-0.722656,-0.492187,0.418213,-0.328857,0.210266,0.82019,down
230258,-7.59375,0.410156,6.46875,-0.808594,-0.722656,-0.492187,0.418213,-0.328857,0.210266,0.82019,down
230263,-7.742187,0.566406,6.625,-0.371094,-0.683594,-0.402344,0.418213,-0.328857,0.210266,0.82019,down
230268,-7.742187,0.566406,6.625,-0.097656,-0.689453,-0.433594,0.420776,-0.326782,0.204041,0.821289,down
230273,-7.742187,0.566406,6.625,0.472656,-0.701172,-0.587891,0.422119,-0.325562,0.203064,0.82135,down
230278,-8.125,2.136719,7.160156,0.472656,-0.701172,-0.587891,0.423889,-0.324036,0.202515,0.821167,down
230283,-8.167969,2.25,7.160156,0.472656,-0.701172,-0.587891,0.428528,-0.320129,0.202698,0.820251,down
230288,-8.089844,2.328125,7.160156,0.472656,-0.701172,-0.587891,0.428528,-0.320129,0.202698,0.820251,down
230293,-7.9375,2.097656,7.3125,0.927734,-0.759766,-0.636719,0.433105,-0.315857,0.203674,0.819214,down
230298,-7.820312,2.019531,7.425781,0.927734,-0.759766,-0.636719,0.433105,-0.315857,0.203674,0.819214,down
230303,-7.707031,1.828125,7.617187,0.730469,-0.804687,-0.486328,0.437012,-0.311584,0.204102,0.818726,down
230308,-7.476562,1.523438,7.84375,0.730469,-0.804687,-0.486328,0.437012,-0.311584,0.204102,0.818726,down
230313,-7.441406,1.292969,7.925781,-0.216797,-0.607422,-0.234375,0.437012,-0.311584,0.204102,0.818726,down
230318,-7.363281,1.023438,7.882812,-0.216797,-0.607422,-0.234375,0.43927,-0.308716,0.202454,0.81897,down
230323,-7.324219,0.679687,7.777344,-0.216797,-0.607422,-0.234375,0.439758,-0.308044,0.200928,0.819336,down
230328,-7.210937,0.640625,7.65625,-0.216797,-0.607422,-0.234375,0.439819,-0.307739,0.199097,0.819885,down
230333,-7.171875,0.566406,7.777344,-0.216797,-0.607422,-0.234375,0.439758,-0.307617,0.197327,0.820374,down
230339,-7.171875,0.449219,7.8125,-0.722656,-0.380859,-0.046875,0.439209,-0.307617,0.193359,0.821594,down
230344,-7.019531,0.410156,7.8125,-0.722656,-0.380859,-0.046875,0.439087,-0.307495,0.192078,0.822021,down
230349,-7.058594,0.488281,7.777344,-0.722656,-0.380859,-0.046875,0.439148,-0.307129,0.191284,0.822327,down
230354,-7.019531,0.566406,7.773437,0.253906,-0.259766,-0.080078,0.439148,-0.307129,0.191284,0.822327,down
230359,-6.980469,0.832031,7.882812,0.253906,-0.259766,-0.080078,0.440186,-0.305542,0.191589,0.822327,down
230365,-7.019531,1.253906,7.847656,0.253906,-0.259766,-0.080078,0.440979,-0.304504,0.192505,0.822021,down
230370,-7.019531,1.253906,7.847656,0.884766,-0.208984,-0.15625,0.442017,-0.303284,0.193787,0.821655,down
230375,-7.058594,1.523438,7.882812,0.884766,-0.208984,-0.15625,0.443115,-0.301819,0.195374,0.821228,down
230380,-7.171875,1.597656,8.003906,0.884766,-0.208984,-0.15625,0.444275,-0.300232,0.197083,0.82074,down
230388,-7.171875,1.292969,8.160156,0.884766,-0.208984,-0.15625,0.444275,-0.300232,0.197083,0.82074,down
230393,-7.210937,1.214844,8.117188,0.65625,-0.220703,-0.082031,0.444275,-0.300232,0.197083,0.82074,down
230398,-7.058594,1.0625,8.199219,0.416016,-0.195312,-0.068359,0.447205,-0.295959,0.200806,0.819824,down
230403,-6.941406,0.984375,8.199219,0.416016,-0.195312,-0.068359,0.447205,-0.295959,0.200806,0.819824,down
230408,-6.789062,0.832031,8.199219,-0.082031,-0.1875,-0.050781,0.447205,-0.295959,0.200806,0.819824,down
230414,-6.558594,0.679687,7.925781,-0.271484,-0.154297,-0.042969,0.447205,-0.295959,0.200806,0.819824,down
230419,-6.445312,0.640625,7.777344,-0.271484,-0.154297,-0.042969,0.447144,-0.295715,0.198181,0.820557,down
230424,-6.328125,0.566406,7.65625,-0.333984,-0.091797,0.064453,0.447144,-0.295715,0.198181,0.820557,down
230429,-6.253906,0.488281,7.578125,-0.333984,-0.091797,0.064453,0.446472,-0.296021,0.196838,0.821167,down
230434,-6.175781,0.527344,7.503906,-0.333984,-0.091797,0.064453,0.446167,-0.296021,0.196655,0.82135,down
230439,-6.175781,0.601562,7.464844,-0.333984,-0.091797,0.064453,0.445801,-0.295776,0.19696,0.821533,down
230444,-6.214844,0.566406,7.394531,0.410156,0.029297,0.208984,0.445801,-0.295776,0.19696,0.821533,down
230449,-6.40625,0.488281,7.464844,0.410156,0.029297,0.208984,0.445557,-0.294861,0.198914,0.821533,down
230455,-6.671875,0.679687,7.582031,0.410156,0.029297,0.208984,0.44574,-0.294128,0.2005,0.82135,down
230460,-6.636719,0.757812,7.539062,0.855469,0.052734,0.048828,0.446167,-0.293274,0.202271,0.820984,down
230465,-6.558594,0.871094,7.621094,0.875,0.013672,-0.019531,0.446167,-0.293274,0.202271,0.820984,down
230471,-6.40625,1.0625,7.660156,0.875,0.013672,-0.019531,0.447449,-0.291443,0.205872,0.820068,down
230476,-6.367187,1.140625,7.617187,0.722656,-0.001953,-0.064453,0.447449,-0.291443,0.205872,0.820068,down
230481,-6.328125,1.140625,7.617187,0.587891,0.021484,-0.054687,0.447449,-0.291443,0.205872,0.820068,down
230487,-6.328125,1.101563,7.695312,0.419922,0.037109,-0.013672,0.447449,-0.291443,0.205872,0.820068,down
230492,-6.445312,0.949219,7.738281,0.419922,0.037109,-0.013672,0.449341,-0.289185,0.21051,0.818604,down
230497,-6.445312,0.757812,7.734375,0.039063,0.064453,0.085937,0.449341,-0.289185,0.21051,0.818604,down
230502,-6.445312,0.679687,7.660156,-0.095703,0.087891,0.121094,0.449341,-0.289185,0.21051,0.818604,down
230507,-6.40625,0.640625,7.617187,-0.095703,0.087891,0.121094,0.448547,-0.28949,0.210937,0.818848,down
230513,-6.328125,0.566406,7.539062,-0.095703,0.087891,0.121094,0.448547,-0.28949,0.210937,0.818848,down
230519,-6.253906,0.488281,7.460937,-0.103516,0.025391,0.15625,0.447266,-0.289795,0.210754,0.819458,down
230524,-6.253906,0.601562,7.316406,-0.103516,0.025391,0.15625,0.44696,-0.289673,0.21106,0.81958,down
230529,-6.175781,0.601562,7.277344,-0.103516,0.025391,0.15625,0.446777,-0.28949,0.211609,0.819641,down
230534,-6.214844,0.640625,7.277344,0.449219,0.037109,0.144531,0.446777,-0.28949,0.211609,0.819641,down
230539,-6.214844,0.679687,7.3125,0.566406,0.050781,0.136719,0.446716,-0.289001,0.212646,0.81958,down
230544,-6.136719,0.792969,7.234375,0.566406,0.050781,0.136719,0.446899,-0.287903,0.215088,0.819214,down
230549,-6.136719,0.871094,7.234375,0.650391,0.095703,0.152344,0.446899,-0.287903,0.215088,0.819214,down
230554,-6.214844,0.984375,7.195312,0.650391,0.095703,0.152344,0.447021,-0.287231,0.216736,0.81897,down
230559,-6.328125,1.0625,7.3125,0.630859,0.123047,0.175781,0.447021,-0.287231,0.216736,0.81897,down
230564,-6.445312,1.023438,7.351562,0.630859,0.123047,0.175781,0.447021,-0.286133,0.219849,0.818481,down
230569,-6.597656,0.984375,7.394531,0.630859,0.123047,0.175781,0.446899,-0.285767,0.221313,0.818298,down
230574,-6.671875,0.984375,7.542969,0.359375,0.177734,0.216797,0.44635,-0.285461,0.223389,0.818176,down
230579,-6.671875,0.984375,7.582031,0.359375,0.177734,0.216797,0.44635,-0.285461,0.223389,0.818176,down
230584,-6.636719,0.949219,7.582031,0.042969,0.109375,0.128906,0.445984,-0.285522,0.22406,0.818176,down
230589,-6.558594,0.984375,7.578125,0.042969,0.109375,0.128906,0.445435,-0.285706,0.224731,0.818176,down
230594,-6.519531,0.949219,7.5,0.042969,0.109375,0.128906,0.44519,-0.285828,0.224915,0.818237,down
230599,-6.445312,0.949219,7.421875,0.042969,0.109375,0.128906,0.444946,-0.28595,0.225098,0.818298,down
230604,-6.445312,0.984375,7.421875,0.042969,0.109375,0.128906,0.444946,-0.28595,0.225098,0.818298,down
230609,-6.40625,0.949219,7.425781,0.042969,0.066406,0.113281,0.444946,-0.28595,0.225098,0.818298,down
230614,-6.480469,0.871094,7.390625,0.042969,0.066406,0.113281,0.444458,-0.286133,0.225525,0.818359,down
230619,-6.445312,0.792969,7.355469,0.085937,0.0625,0.146484,0.444214,-0.286133,0.22583,0.81842,down
230624,-6.445312,0.71875,7.316406,0.085937,0.0625,0.146484,0.443909,-0.286072,0.226196,0.818481,down
230629,-6.40625,0.679687,7.355469,0.085937,0.0625,0.146484,0.443665,-0.286011,0.226562,0.818542,down
230634,-6.445312,0.71875,7.425781,0.179687,0.039063,0.158203,0.443665,-0.286011,0.226562,0.818542,down
230639,-6.445312,0.679687,7.421875,0.179687,0.039063,0.158203,0.443237,-0.285706,0.227478,0.818665,down
230644,-6.445312,0.679687,7.394531,0.230469,0.027344,0.171875,0.442932,-0.285461,0.228088,0.818726,down
230649,-6.40625,0.679687,7.355469,0.230469,0.027344,0.171875,0.442749,-0.285156,0.228699,0.818726,down
230654,-6.289062,0.757812,7.351562,0.230469,0.027344,0.171875,0.442383,-0.284546,0.230042,0.818787,down
230659,-6.328125,0.832031,7.277344,0.230469,0.027344,0.171875,0.442383,-0.284546,0.230042,0.818787,down
230664,-6.253906,0.910156,7.273437,0.345703,0.046875,0.132812,0.442383,-0.284546,0.230042,0.818787,down
230669,-6.367187,1.023438,7.234375,0.345703,0.046875,0.132812,0.442139,-0.283447,0.232544,0.818604,down
230674,-6.480469,1.175781,7.238281,0.345703,0.046875,0.132812,0.442139,-0.283447,0.232544,0.818604,down
230679,-6.519531,1.332031,7.238281,0.34375,0.054687,0.105469,0.442139,-0.283081,0.233582,0.81842,down
230684,-6.558594,1.40625,7.316406,0.34375,0.054687,0.105469,0.442139,-0.282715,0.234436,0.818298,down
